{
    "dofs": 7,
    "dt": 0.001,
    "gain_a": [
        40,
        40,
        40,
        40,
        40,
        40,
        40
    ],
    "gain_b": [
        10,
        10,
        10,
        10,
        10,
        10,
        10
    ],
    "goal": [
        0.0813846,
        -0.578981,
        -0.00911954,
        -1.84923,
        0.824001,
        2.4889,
        0.159454
    ],
    "n_basis": 1000,
    "q0": [
        -0.0225867,
        0.110868,
        -0.599082,
        -2.05083,
        0.072073,
        2.16594,
        0.158681
    ],
    "timespan": 10,
    "type": "discrete",
    "weights_dir": "weights.txt"
}