{
    "dofs": 7,
    "dt": 0.001,
    "gain_a": [
        40,
        40,
        40,
        40,
        40,
        40,
        40
    ],
    "gain_b": [
        10,
        10,
        10,
        10,
        10,
        10,
        10
    ],
    "goal": [
        -0.00106006,
        0.293708,
        0.251517,
        -1.83298,
        0.0729417,
        1.81085,
        0.15948
    ],
    "n_basis": 1000,
    "q0": [
        -0.0228038,
        0.110467,
        -0.599204,
        -2.05013,
        0.0718644,
        2.16613,
        0.158318
    ],
    "timespan": 10,
    "type": "discrete",
    "weights_dir": "weights.txt"
}