{
    "dofs": 7,
    "dt": 0.001,
    "gain_a": [
        40,
        40,
        40,
        40,
        40,
        40,
        40
    ],
    "gain_b": [
        10,
        10,
        10,
        10,
        10,
        10,
        10
    ],
    "goal": [
        -0.423577,
        0.61386,
        0.562805,
        -2.14293,
        1.44906,
        1.87271,
        -1.81974
    ],
    "n_basis": 1000,
    "q0": [
        -0.489694,
        0.765392,
        -0.24944,
        -1.63075,
        1.11051,
        1.05009,
        -1.76991
    ],
    "timespan": 5,
    "type": "discrete",
    "weights_dir": "weights.txt"
}